               epoch,      train/box_loss,      train/obj_loss,      train/cls_loss,   metrics/precision,      metrics/recall,     metrics/mAP_0.5,metrics/mAP_0.5:0.95,        val/box_loss,        val/obj_loss,        val/cls_loss,               x/lr0,               x/lr1,               x/lr2
                   0,             0.11528,            0.044134,            0.056313,            0.036207,             0.14297,            0.024007,           0.0055445,            0.095581,            0.041176,             0.05659,             0.00054,             0.00054,             0.09514
                   1,            0.079823,            0.050446,            0.053948,            0.058628,             0.37042,            0.054343,            0.021881,               0.081,            0.032066,            0.055676,             0.00109,             0.00109,             0.09019
                   2,            0.062351,            0.036998,            0.051863,             0.11755,             0.62652,              0.1261,            0.067724,            0.051206,            0.025416,            0.052644,           0.0016399,           0.0016399,             0.08524
                   3,            0.066168,            0.035114,            0.051059,              0.0962,             0.60134,             0.10785,            0.046828,            0.056047,            0.024626,            0.053706,           0.0021898,           0.0021898,             0.08029
                   4,            0.057431,            0.031032,            0.050843,             0.11471,             0.65541,             0.13219,             0.06395,            0.045921,            0.023025,            0.051733,           0.0027396,           0.0027396,             0.07534
                   5,            0.052823,            0.029068,            0.050091,             0.15651,             0.43428,             0.13378,            0.067964,            0.046349,            0.021436,            0.052196,           0.0032893,           0.0032893,            0.070389
                   6,            0.048918,            0.029459,            0.050235,             0.14828,              0.5233,             0.14807,            0.077278,            0.043523,             0.02107,            0.051926,           0.0038388,           0.0038388,            0.065439
                   7,            0.045511,            0.026734,            0.049977,             0.12757,             0.72182,             0.15201,            0.076045,            0.044856,            0.019866,            0.051911,           0.0043881,           0.0043881,            0.060488
                   8,            0.042422,            0.025799,            0.049824,             0.12596,             0.87262,             0.16245,            0.093195,            0.037066,            0.021702,            0.051629,           0.0049372,           0.0049372,            0.055537
                   9,            0.048793,            0.028088,            0.049738,             0.15803,             0.48754,             0.16167,            0.078478,            0.041269,            0.018683,            0.051643,           0.0054861,           0.0054861,            0.050586
                  10,            0.044832,            0.024948,            0.049636,             0.15127,             0.69487,             0.16637,            0.094697,            0.040673,            0.018809,            0.051785,           0.0060346,           0.0060346,            0.045635
                  11,            0.044815,            0.024565,            0.049319,             0.16221,             0.68872,             0.18853,             0.10578,            0.036541,            0.018235,            0.051546,           0.0065829,           0.0065829,            0.040683
                  12,              0.0423,            0.025641,            0.049623,             0.15197,             0.66372,             0.18851,             0.10548,            0.036357,            0.018152,            0.051792,           0.0071309,           0.0071309,            0.035731
                  13,            0.039458,            0.023277,            0.049539,             0.16275,             0.57828,             0.19364,             0.11088,            0.039776,            0.018551,            0.051532,           0.0076785,           0.0076785,            0.030778
                  14,            0.038354,            0.023721,            0.048867,             0.19626,             0.56639,             0.21417,             0.14268,            0.032759,            0.018935,            0.051048,           0.0082257,           0.0082257,            0.025826
                  15,            0.040828,            0.024269,            0.048114,             0.19488,             0.53098,             0.23372,             0.13559,            0.038253,            0.018819,            0.049888,           0.0087724,           0.0087724,            0.020872
                  16,            0.040899,            0.023614,              0.0469,             0.19166,             0.54125,             0.23844,              0.1269,            0.039058,            0.018375,            0.049279,           0.0093188,           0.0093188,            0.015919
                  17,            0.039575,            0.024869,            0.044825,             0.21012,             0.75744,             0.29003,              0.1887,             0.03305,            0.018532,            0.048502,           0.0098646,           0.0098646,            0.010965
                  18,            0.037011,            0.023574,            0.043321,             0.20505,             0.68791,             0.29879,             0.17602,            0.036725,            0.018848,            0.049256,           0.0099713,           0.0099713,           0.0099713
                  19,            0.036794,            0.023191,              0.0412,             0.21139,             0.68641,              0.2978,             0.17178,            0.035337,            0.019328,            0.047299,           0.0099713,           0.0099713,           0.0099713
                  20,            0.036212,            0.025073,            0.041168,             0.23298,             0.55427,             0.28769,             0.17045,            0.035271,            0.020476,            0.045353,            0.009968,            0.009968,            0.009968
                  21,            0.034363,            0.024936,            0.039301,             0.27933,             0.54822,             0.32124,             0.19201,            0.033455,            0.020047,            0.046122,           0.0099645,           0.0099645,           0.0099645
                  22,            0.034092,            0.023176,            0.036643,             0.27956,             0.65563,             0.35131,             0.21557,            0.034472,            0.018946,            0.044879,           0.0099609,           0.0099609,           0.0099609
                  23,             0.03218,             0.02399,            0.037805,             0.31214,             0.47992,             0.35363,             0.23094,            0.032004,            0.018507,            0.044572,           0.0099571,           0.0099571,           0.0099571
                  24,            0.030911,            0.023647,            0.035675,             0.25577,             0.61287,             0.36244,              0.2395,            0.030577,            0.018243,            0.046481,           0.0099531,           0.0099531,           0.0099531
                  25,            0.030748,            0.022357,            0.033135,             0.30745,             0.63499,               0.426,             0.26507,            0.031845,            0.018432,             0.04172,           0.0099489,           0.0099489,           0.0099489
                  26,            0.031112,            0.022899,            0.031805,             0.26959,             0.73486,             0.40206,             0.28588,            0.030225,            0.018169,            0.042768,           0.0099446,           0.0099446,           0.0099446
                  27,            0.030478,            0.022076,            0.029762,             0.38453,             0.53619,             0.44177,             0.29057,            0.032359,            0.018543,            0.041629,           0.0099401,           0.0099401,           0.0099401
                  28,            0.029409,            0.021212,            0.029094,             0.34602,             0.62781,             0.44462,             0.28091,            0.032399,            0.018254,            0.042697,           0.0099354,           0.0099354,           0.0099354
                  29,            0.031664,            0.020702,            0.030222,             0.33952,             0.66923,             0.48643,             0.33944,            0.030322,            0.017463,            0.038027,           0.0099305,           0.0099305,           0.0099305
                  30,            0.029651,            0.021981,            0.028466,             0.34602,             0.64458,              0.5088,             0.32094,            0.032979,            0.018453,             0.03815,           0.0099255,           0.0099255,           0.0099255
                  31,            0.032263,            0.021771,            0.029573,             0.36783,              0.6003,             0.52126,             0.33639,            0.031237,            0.018072,            0.038121,           0.0099203,           0.0099203,           0.0099203
                  32,            0.028141,            0.021361,            0.027295,             0.33316,             0.75298,             0.45627,             0.31169,            0.030704,            0.018892,            0.038429,           0.0099149,           0.0099149,           0.0099149
                  33,            0.029092,             0.02223,            0.026871,             0.37376,             0.68218,             0.47445,             0.33509,            0.029433,            0.019265,            0.040255,           0.0099093,           0.0099093,           0.0099093
                  34,            0.028802,            0.020746,            0.025186,             0.44513,             0.70328,             0.56223,             0.38199,            0.029699,            0.020109,            0.034181,           0.0099036,           0.0099036,           0.0099036
                  35,            0.029312,            0.021928,            0.023856,               0.438,             0.71878,             0.57862,             0.38478,            0.032518,            0.018859,            0.036075,           0.0098977,           0.0098977,           0.0098977
                  36,              0.0295,            0.020279,            0.024352,              0.4988,                0.69,             0.61006,             0.43009,            0.029472,            0.018675,            0.033821,           0.0098916,           0.0098916,           0.0098916
                  37,            0.027556,            0.019318,            0.023251,             0.48562,             0.70168,             0.60766,             0.44446,            0.028715,            0.018671,             0.03188,           0.0098854,           0.0098854,           0.0098854
                  38,            0.029178,            0.020396,            0.021501,             0.48454,             0.74964,             0.62696,             0.43854,            0.030658,            0.018779,            0.031459,           0.0098789,           0.0098789,           0.0098789
                  39,            0.028357,            0.021195,            0.020134,             0.51946,             0.66528,             0.63146,             0.45062,            0.029156,            0.017939,            0.030838,           0.0098723,           0.0098723,           0.0098723
                  40,            0.027321,            0.020742,            0.021458,             0.63179,             0.61791,              0.6618,             0.46247,            0.030225,            0.018205,            0.030397,           0.0098656,           0.0098656,           0.0098656
                  41,            0.027823,             0.02098,            0.020034,             0.53928,             0.73797,             0.65317,             0.46806,            0.029715,            0.018819,            0.026768,           0.0098586,           0.0098586,           0.0098586
                  42,            0.029362,              0.0204,            0.019999,             0.53503,              0.7302,             0.66801,             0.45837,            0.030304,             0.01815,            0.026939,           0.0098515,           0.0098515,           0.0098515
                  43,            0.027224,            0.019319,            0.017452,             0.53893,             0.70475,             0.65894,             0.46854,            0.029824,            0.018851,            0.026109,           0.0098442,           0.0098442,           0.0098442
                  44,            0.027365,            0.020571,            0.017349,              0.5262,             0.74936,             0.67918,             0.48747,            0.028559,            0.018039,            0.027956,           0.0098368,           0.0098368,           0.0098368
                  45,            0.028133,             0.02077,            0.016481,              0.5441,             0.76542,             0.66868,             0.44972,            0.031638,            0.019216,            0.025513,           0.0098291,           0.0098291,           0.0098291
                  46,            0.029107,            0.021811,            0.016684,             0.66705,             0.62751,             0.69515,              0.4928,            0.029459,            0.018629,            0.027177,           0.0098213,           0.0098213,           0.0098213
                  47,            0.027338,            0.019733,             0.01565,             0.63262,             0.68693,             0.70091,             0.50374,            0.029063,            0.018928,             0.02669,           0.0098133,           0.0098133,           0.0098133
                  48,            0.028167,            0.022478,            0.014817,             0.57969,             0.71763,             0.66254,             0.47404,            0.029665,            0.019353,            0.025887,           0.0098052,           0.0098052,           0.0098052
                  49,            0.028934,            0.022945,            0.017608,             0.59997,             0.62092,             0.64717,             0.40583,            0.031476,             0.01976,            0.027258,           0.0097969,           0.0097969,           0.0097969
                  50,            0.028618,            0.022309,             0.02211,             0.64321,             0.60242,             0.64784,             0.42746,            0.031552,            0.019495,             0.02658,           0.0097884,           0.0097884,           0.0097884
                  51,            0.029208,            0.023247,            0.022696,             0.58011,             0.62814,             0.62126,             0.42801,            0.031815,            0.020794,            0.026939,           0.0097798,           0.0097798,           0.0097798
                  52,            0.027552,            0.019573,            0.016095,             0.69228,             0.67198,             0.73928,             0.48885,            0.032747,            0.018851,            0.021234,           0.0097709,           0.0097709,           0.0097709
                  53,             0.02761,            0.022075,            0.014172,             0.62096,             0.68716,             0.67951,             0.48048,            0.029113,             0.01893,            0.027002,           0.0097619,           0.0097619,           0.0097619
                  54,            0.026399,            0.020661,            0.013892,               0.664,             0.71875,             0.71322,             0.49428,            0.030371,            0.019163,            0.026165,           0.0097528,           0.0097528,           0.0097528
                  55,            0.027279,            0.020975,            0.012553,             0.73231,             0.67635,             0.73274,              0.5145,            0.030489,            0.019374,            0.022404,           0.0097435,           0.0097435,           0.0097435
                  56,            0.027269,             0.02011,            0.011594,             0.67229,             0.73879,             0.75378,             0.52977,             0.02913,            0.018097,             0.02527,            0.009734,            0.009734,            0.009734
                  57,            0.026878,            0.020051,             0.01154,             0.66795,             0.76916,              0.7498,             0.54023,            0.028533,            0.017987,            0.022117,           0.0097243,           0.0097243,           0.0097243
                  58,            0.026465,            0.018891,            0.010756,             0.76609,             0.70267,             0.77067,              0.5539,            0.029268,            0.018114,             0.02169,           0.0097145,           0.0097145,           0.0097145
                  59,            0.026406,            0.019647,            0.010858,              0.7005,              0.7329,              0.7589,             0.54499,            0.028754,            0.018101,            0.021693,           0.0097045,           0.0097045,           0.0097045
                  60,            0.026889,            0.020798,            0.010137,             0.69085,              0.7472,              0.7407,             0.52937,            0.028707,            0.018212,            0.023128,           0.0096943,           0.0096943,           0.0096943
                  61,            0.025827,            0.019733,           0.0095792,             0.78469,             0.67573,             0.77944,             0.55963,            0.028424,            0.017471,            0.020229,            0.009684,            0.009684,            0.009684
                  62,            0.027721,            0.021416,           0.0094754,             0.73855,             0.70317,             0.77829,             0.52738,            0.031237,            0.017964,            0.020558,           0.0096735,           0.0096735,           0.0096735
                  63,            0.026241,            0.018389,           0.0098775,             0.72391,             0.74862,             0.77557,             0.53957,            0.030025,            0.018196,            0.021903,           0.0096628,           0.0096628,           0.0096628
                  64,            0.027003,            0.021283,            0.009194,             0.80451,             0.71355,              0.7812,             0.55874,            0.028605,            0.018154,            0.019222,            0.009652,            0.009652,            0.009652
                  65,            0.026948,            0.020301,           0.0087714,             0.70117,             0.68681,             0.73192,             0.52405,            0.029573,            0.018688,            0.024963,            0.009641,            0.009641,            0.009641
                  66,            0.026765,            0.019803,           0.0085023,             0.73968,              0.7182,             0.78272,             0.55345,            0.029026,            0.018023,            0.020079,           0.0096299,           0.0096299,           0.0096299
                  67,            0.026104,            0.019314,           0.0087089,             0.77167,             0.67817,             0.75494,              0.5349,            0.029212,            0.019444,            0.023964,           0.0096186,           0.0096186,           0.0096186
                  68,            0.024952,            0.018932,             0.00864,             0.77914,              0.7109,             0.78461,             0.55442,            0.028911,            0.018357,            0.023333,           0.0096071,           0.0096071,           0.0096071
                  69,            0.025766,            0.020058,           0.0083619,             0.77393,             0.68673,             0.77389,              0.5633,            0.027769,            0.017772,            0.022439,           0.0095955,           0.0095955,           0.0095955
                  70,            0.023905,            0.018252,           0.0076722,             0.80792,             0.69235,             0.77485,             0.56525,            0.027685,            0.018037,            0.021499,           0.0095837,           0.0095837,           0.0095837
                  71,            0.024796,             0.01834,           0.0078357,             0.75902,             0.69179,             0.76711,             0.54849,             0.02844,            0.018082,            0.021665,           0.0095717,           0.0095717,           0.0095717
                  72,            0.023778,            0.018622,           0.0078426,             0.70402,             0.66262,             0.72727,             0.51339,            0.030764,            0.020385,            0.027322,           0.0095596,           0.0095596,           0.0095596
                  73,            0.026028,            0.020086,           0.0088795,             0.78617,             0.66643,             0.75074,             0.54164,            0.029463,            0.018425,            0.024333,           0.0095473,           0.0095473,           0.0095473
                  74,            0.024656,            0.019777,           0.0084435,             0.76309,             0.68318,              0.7562,             0.53045,            0.030186,            0.019637,            0.022635,           0.0095349,           0.0095349,           0.0095349
                  75,            0.025188,            0.018375,           0.0085382,             0.75509,             0.72376,             0.78385,             0.56753,            0.028865,            0.018548,            0.020647,           0.0095223,           0.0095223,           0.0095223
                  76,            0.024934,            0.019095,           0.0096804,             0.76266,             0.66306,             0.74397,             0.53075,            0.029666,             0.01877,             0.02557,           0.0095095,           0.0095095,           0.0095095
                  77,            0.025234,            0.019965,           0.0091935,             0.75253,              0.6375,             0.72206,             0.51521,            0.029624,            0.019408,            0.026008,           0.0094966,           0.0094966,           0.0094966
                  78,            0.024866,            0.020349,           0.0091922,             0.76234,             0.65931,             0.75256,             0.53662,            0.028189,            0.020687,            0.027046,           0.0094835,           0.0094835,           0.0094835
                  79,            0.023963,            0.020357,            0.010577,             0.80807,              0.6301,             0.75122,             0.54854,            0.028186,            0.019306,            0.026539,           0.0094703,           0.0094703,           0.0094703
                  80,            0.024054,            0.019667,           0.0081961,             0.83078,             0.70755,             0.81507,              0.5831,            0.028844,            0.017742,            0.017552,           0.0094569,           0.0094569,           0.0094569
                  81,            0.023825,            0.018473,           0.0071102,             0.76242,             0.74622,             0.80236,             0.57772,            0.027719,            0.017598,            0.018188,           0.0094434,           0.0094434,           0.0094434
                  82,             0.02568,            0.018794,            0.007007,             0.76948,             0.70618,               0.793,             0.56068,             0.02837,            0.017738,            0.021455,           0.0094297,           0.0094297,           0.0094297
                  83,            0.024528,            0.018423,           0.0075755,             0.70904,             0.75927,             0.78755,             0.56679,            0.028544,            0.017137,            0.021373,           0.0094158,           0.0094158,           0.0094158
                  84,            0.022775,            0.017664,           0.0067969,              0.8079,             0.70085,             0.80027,             0.57327,             0.02774,            0.017125,            0.016863,           0.0094018,           0.0094018,           0.0094018
                  85,            0.024254,            0.018648,           0.0069706,             0.76404,             0.75434,             0.79645,             0.58182,            0.027297,            0.017752,            0.018201,           0.0093877,           0.0093877,           0.0093877
                  86,            0.022116,             0.01779,           0.0063119,             0.76992,             0.71098,             0.76953,             0.55791,            0.027259,            0.017569,            0.020401,           0.0093733,           0.0093733,           0.0093733
                  87,            0.022595,            0.018218,           0.0061868,             0.69853,             0.72795,             0.77315,             0.57074,             0.02769,            0.018046,            0.019568,           0.0093589,           0.0093589,           0.0093589
                  88,            0.024431,            0.018242,           0.0080938,              0.7233,             0.71084,             0.76094,             0.54087,            0.029258,            0.019899,            0.020366,           0.0093442,           0.0093442,           0.0093442
                  89,            0.024351,            0.020257,           0.0085627,             0.65995,             0.65341,             0.69082,              0.4828,            0.028615,            0.019256,            0.030997,           0.0093295,           0.0093295,           0.0093295
                  90,            0.023486,            0.017885,           0.0065506,             0.71673,             0.65529,             0.72174,             0.52141,            0.027291,             0.01718,            0.030044,           0.0093146,           0.0093146,           0.0093146
                  91,              0.0235,            0.016937,           0.0064051,             0.75592,             0.72998,             0.78257,             0.56235,            0.027686,            0.017884,            0.022992,           0.0092995,           0.0092995,           0.0092995
                  92,            0.022659,            0.018771,           0.0064128,             0.79835,             0.65854,             0.76042,             0.54445,            0.028391,             0.01933,            0.022728,           0.0092843,           0.0092843,           0.0092843
                  93,            0.023434,            0.018277,           0.0069862,             0.74583,             0.73803,             0.80179,             0.58225,            0.027246,             0.01793,            0.019206,           0.0092689,           0.0092689,           0.0092689
                  94,            0.022319,            0.015764,           0.0063947,             0.77883,             0.72832,             0.78554,             0.57589,            0.027363,            0.018538,            0.021214,           0.0092534,           0.0092534,           0.0092534
                  95,            0.024706,            0.019951,           0.0065817,             0.83838,             0.67074,             0.79588,             0.58705,            0.026546,            0.017284,            0.020707,           0.0092377,           0.0092377,           0.0092377
                  96,            0.024353,            0.019166,           0.0060307,             0.72832,             0.73274,             0.78558,             0.56813,            0.027619,            0.017654,            0.023741,           0.0092219,           0.0092219,           0.0092219
                  97,            0.023131,            0.018235,           0.0052092,             0.80818,             0.72241,             0.81486,             0.59336,            0.027097,            0.018568,            0.016779,           0.0092059,           0.0092059,           0.0092059
                  98,            0.023819,            0.019615,           0.0058945,             0.76424,             0.76282,             0.80211,             0.58104,            0.028422,            0.018081,            0.018717,           0.0091898,           0.0091898,           0.0091898
                  99,            0.022926,            0.018055,           0.0055368,             0.78266,             0.73776,             0.80557,             0.59031,            0.027209,            0.017509,            0.022491,           0.0091735,           0.0091735,           0.0091735
                 100,            0.022632,            0.017692,           0.0060682,             0.76446,             0.75748,             0.79631,             0.57763,            0.026806,            0.017573,            0.019821,           0.0091571,           0.0091571,           0.0091571
                 101,            0.022408,            0.018555,           0.0054592,             0.79062,             0.71996,             0.79534,             0.58585,            0.026971,            0.017375,            0.020032,           0.0091406,           0.0091406,           0.0091406
                 102,            0.022027,            0.017031,           0.0048973,             0.79377,             0.71237,             0.79928,             0.58561,            0.028046,            0.018417,            0.018676,           0.0091239,           0.0091239,           0.0091239
                 103,            0.024424,             0.01843,           0.0055723,             0.78135,             0.74699,             0.80372,             0.58878,             0.02738,            0.017947,            0.019139,           0.0091071,           0.0091071,           0.0091071
                 104,            0.022457,            0.018193,           0.0056649,             0.81812,             0.70509,             0.78682,             0.57754,            0.026776,            0.018092,             0.01992,           0.0090901,           0.0090901,           0.0090901
                 105,            0.022706,            0.017354,           0.0052286,             0.80927,             0.70787,             0.77935,             0.56744,            0.027156,             0.01905,            0.022234,            0.009073,            0.009073,            0.009073
                 106,            0.021449,            0.016545,            0.006198,             0.74328,              0.7595,             0.79181,             0.57893,            0.027273,            0.019121,            0.017415,           0.0090557,           0.0090557,           0.0090557
                 107,            0.021321,            0.016331,           0.0056352,             0.73523,             0.77615,             0.80318,             0.59287,            0.026922,            0.018004,            0.023338,           0.0090383,           0.0090383,           0.0090383
                 108,            0.022015,            0.017099,           0.0060131,             0.73721,             0.78748,             0.82271,             0.60003,            0.026979,            0.018005,            0.015879,           0.0090208,           0.0090208,           0.0090208
                 109,            0.021697,            0.016994,           0.0051924,             0.77418,             0.75564,             0.80144,             0.58797,            0.026887,            0.017368,             0.01747,           0.0090031,           0.0090031,           0.0090031
                 110,            0.022968,            0.016833,           0.0056795,             0.78482,             0.80365,             0.81532,             0.59979,            0.027181,            0.017032,            0.018147,           0.0089853,           0.0089853,           0.0089853
                 111,            0.021236,             0.01762,           0.0052976,             0.82999,               0.713,              0.8196,              0.6087,            0.026637,            0.017705,            0.017925,           0.0089673,           0.0089673,           0.0089673
                 112,            0.022699,            0.017669,           0.0051322,             0.80231,             0.69431,             0.79384,             0.58034,            0.026841,            0.018649,            0.020865,           0.0089492,           0.0089492,           0.0089492
                 113,            0.021706,            0.017388,            0.005167,             0.77517,             0.74603,             0.80501,             0.59627,            0.026615,            0.017571,             0.02004,            0.008931,            0.008931,            0.008931
                 114,            0.022557,            0.018028,           0.0055162,             0.78349,             0.76639,             0.81119,             0.59553,            0.026921,            0.018293,            0.018442,           0.0089126,           0.0089126,           0.0089126
                 115,            0.022294,            0.018413,           0.0049882,             0.80218,             0.73785,             0.82367,             0.60636,            0.026315,            0.017343,             0.01811,           0.0088941,           0.0088941,           0.0088941
                 116,            0.021895,             0.01719,           0.0041801,             0.78152,             0.78759,             0.82739,             0.61636,            0.026474,            0.017257,            0.017724,           0.0088755,           0.0088755,           0.0088755
                 117,            0.022533,            0.017705,           0.0045879,             0.80089,             0.76536,             0.82342,             0.60325,            0.026046,            0.016968,            0.017954,           0.0088567,           0.0088567,           0.0088567
                 118,            0.022152,            0.017037,           0.0045278,             0.83857,             0.72731,             0.81776,             0.60235,            0.026848,            0.017545,            0.019427,           0.0088378,           0.0088378,           0.0088378
                 119,            0.022258,            0.017423,           0.0045688,             0.80955,             0.74243,              0.8073,             0.60454,            0.026768,            0.018276,            0.019087,           0.0088188,           0.0088188,           0.0088188
                 120,             0.02196,            0.017292,           0.0045112,             0.75161,             0.78248,             0.80716,             0.59447,            0.026783,            0.018416,            0.021316,           0.0087996,           0.0087996,           0.0087996
                 121,            0.021202,            0.017838,           0.0045905,               0.773,             0.74815,             0.79035,             0.58697,            0.026742,            0.018568,            0.021246,           0.0087804,           0.0087804,           0.0087804
                 122,            0.021531,             0.01801,           0.0049215,             0.80674,             0.72522,             0.79992,             0.59437,            0.026389,            0.017318,            0.022177,           0.0087609,           0.0087609,           0.0087609
                 123,             0.02145,            0.017697,           0.0049617,             0.77544,             0.73089,             0.79267,             0.58349,            0.026953,            0.018253,            0.018991,           0.0087414,           0.0087414,           0.0087414
                 124,            0.021359,            0.016611,           0.0044616,             0.78382,             0.71359,             0.79588,             0.58815,            0.026542,            0.018329,            0.017605,           0.0087217,           0.0087217,           0.0087217
                 125,            0.021568,            0.015944,           0.0043247,             0.76563,             0.73481,              0.7865,             0.57612,            0.027003,             0.01798,            0.021008,           0.0087019,           0.0087019,           0.0087019
                 126,            0.021916,            0.016837,           0.0049635,             0.80323,             0.73073,             0.80466,             0.59269,            0.026889,            0.017633,            0.019335,            0.008682,            0.008682,            0.008682
                 127,            0.021553,            0.016887,           0.0044995,               0.805,             0.72578,             0.79654,             0.58728,            0.026511,            0.016955,            0.026549,           0.0086619,           0.0086619,           0.0086619
                 128,            0.020597,            0.016718,           0.0041451,             0.82704,             0.67919,              0.7888,             0.58112,             0.02684,            0.017253,            0.023029,           0.0086417,           0.0086417,           0.0086417
                 129,            0.020526,             0.01569,            0.004203,             0.80346,             0.71115,             0.79081,             0.57835,            0.026718,             0.01788,            0.025263,           0.0086214,           0.0086214,           0.0086214
                 130,            0.019792,             0.01595,           0.0040849,             0.79287,             0.74873,             0.81735,             0.60948,            0.026726,            0.018016,             0.02234,            0.008601,            0.008601,            0.008601
                 131,            0.020864,            0.016399,           0.0048562,             0.79688,             0.74349,             0.80477,             0.59297,            0.026495,            0.017744,            0.021373,           0.0085805,           0.0085805,           0.0085805
                 132,              0.0208,            0.016596,            0.004148,             0.78831,              0.7454,             0.81198,             0.59864,            0.026793,            0.017152,            0.018789,           0.0085598,           0.0085598,           0.0085598
                 133,            0.020352,            0.015892,           0.0040522,             0.76532,             0.75916,             0.81284,             0.60823,            0.026623,            0.018079,            0.019571,            0.008539,            0.008539,            0.008539
                 134,            0.020376,            0.016389,           0.0048781,             0.80672,              0.7304,             0.80837,             0.60149,            0.026124,            0.017154,            0.021199,           0.0085181,           0.0085181,           0.0085181
                 135,             0.02088,            0.016656,            0.003816,             0.78895,             0.74117,             0.81028,             0.59998,            0.026297,            0.017393,             0.01931,           0.0084971,           0.0084971,           0.0084971
                 136,            0.020233,            0.017098,           0.0044587,             0.79674,             0.74126,             0.79394,             0.58744,             0.02629,            0.017585,             0.02082,           0.0084759,           0.0084759,           0.0084759
                 137,            0.019569,            0.015796,           0.0037868,             0.76958,             0.74312,             0.78448,             0.58533,            0.026023,            0.018098,            0.022795,           0.0084546,           0.0084546,           0.0084546
                 138,            0.020446,            0.016149,           0.0038508,             0.78121,             0.73191,             0.79191,              0.5865,            0.026516,            0.017956,            0.022053,           0.0084333,           0.0084333,           0.0084333
                 139,            0.021221,            0.017137,           0.0042431,             0.76755,             0.73596,             0.78914,             0.58125,            0.026665,             0.01834,             0.02087,           0.0084118,           0.0084118,           0.0084118
                 140,            0.019808,            0.016819,           0.0044889,             0.78277,             0.76822,             0.81488,             0.60863,            0.026143,            0.017797,            0.019465,           0.0083901,           0.0083901,           0.0083901
                 141,            0.019873,            0.015013,           0.0043045,             0.77655,             0.72781,             0.78717,             0.58047,            0.026377,            0.017592,            0.025031,           0.0083684,           0.0083684,           0.0083684
                 142,            0.021036,            0.016227,           0.0040724,              0.7714,             0.76304,             0.79807,             0.58639,            0.026565,            0.018672,            0.020446,           0.0083466,           0.0083466,           0.0083466
                 143,            0.019952,            0.016959,           0.0038179,              0.8076,             0.74369,             0.81141,             0.60461,            0.026003,            0.017778,            0.020221,           0.0083246,           0.0083246,           0.0083246
                 144,            0.020356,            0.016566,            0.003835,             0.81434,             0.74495,             0.81327,             0.60517,            0.026337,            0.017773,            0.018628,           0.0083025,           0.0083025,           0.0083025
                 145,            0.020626,            0.015841,           0.0041629,             0.76178,             0.78469,             0.80517,             0.59753,             0.02606,             0.01785,            0.018699,           0.0082804,           0.0082804,           0.0082804
                 146,            0.019351,            0.014891,           0.0038684,             0.82195,             0.74994,             0.82501,             0.61457,            0.026284,            0.017546,            0.016677,           0.0082581,           0.0082581,           0.0082581
                 147,            0.019443,            0.016646,           0.0049505,             0.77201,             0.73657,             0.77872,             0.57658,            0.026457,            0.018158,            0.023004,           0.0082357,           0.0082357,           0.0082357
                 148,            0.019856,            0.015647,           0.0045168,             0.78618,              0.7519,             0.80506,             0.60168,            0.026286,            0.017815,            0.019551,           0.0082132,           0.0082132,           0.0082132
                 149,            0.019861,            0.016542,           0.0042344,             0.79517,             0.72221,             0.77999,             0.57933,            0.026887,            0.018108,            0.022896,           0.0081906,           0.0081906,           0.0081906
                 150,            0.020062,            0.017576,           0.0041377,             0.81219,             0.74323,             0.78498,             0.58471,            0.026005,            0.018063,            0.019774,           0.0081679,           0.0081679,           0.0081679
                 151,            0.020445,            0.014742,           0.0040287,             0.77785,              0.7666,              0.8076,             0.59337,             0.02756,            0.018875,            0.018266,            0.008145,            0.008145,            0.008145
                 152,            0.019942,            0.015946,           0.0040451,             0.80967,             0.70115,             0.77936,             0.57128,            0.027658,            0.021024,            0.017121,           0.0081221,           0.0081221,           0.0081221
                 153,            0.019175,            0.015417,           0.0038697,             0.74808,              0.7836,             0.81433,              0.6011,            0.026994,            0.019528,            0.016524,           0.0080991,           0.0080991,           0.0080991
                 154,            0.019971,            0.017014,           0.0039121,             0.78609,             0.76039,              0.7977,             0.59368,            0.026228,            0.018197,            0.020096,           0.0080759,           0.0080759,           0.0080759
                 155,            0.021202,            0.017199,           0.0042427,             0.79423,             0.76846,             0.80585,               0.597,            0.026256,            0.017646,            0.018725,           0.0080527,           0.0080527,           0.0080527
                 156,            0.020542,            0.014964,           0.0047455,             0.77774,             0.78717,             0.81371,              0.6011,            0.026114,            0.018507,             0.01623,           0.0080294,           0.0080294,           0.0080294
                 157,            0.019888,            0.015987,           0.0044073,             0.81428,             0.71757,             0.78273,             0.57789,            0.026243,            0.018456,            0.020862,           0.0080059,           0.0080059,           0.0080059
                 158,            0.019136,            0.014669,           0.0038279,             0.80723,             0.70986,             0.76942,             0.57285,            0.026028,            0.018739,            0.018725,           0.0079824,           0.0079824,           0.0079824
                 159,            0.019247,            0.015948,           0.0041234,             0.78759,             0.75021,             0.79422,             0.58793,            0.026545,            0.019091,            0.018984,           0.0079588,           0.0079588,           0.0079588
                 160,            0.019197,            0.014738,           0.0035822,             0.77754,             0.80598,             0.81418,             0.59916,            0.026245,            0.018063,            0.018923,            0.007935,            0.007935,            0.007935
                 161,            0.018264,            0.014872,           0.0040434,             0.79986,             0.74208,             0.78986,             0.58362,            0.026368,            0.018427,            0.020018,           0.0079112,           0.0079112,           0.0079112
                 162,            0.018734,            0.015754,           0.0039853,             0.79613,             0.71736,             0.78424,             0.57201,            0.027111,            0.017665,            0.022023,           0.0078873,           0.0078873,           0.0078873
                 163,            0.019198,             0.01514,           0.0040826,             0.75648,             0.74334,             0.77658,              0.5742,            0.026791,            0.019032,            0.021294,           0.0078633,           0.0078633,           0.0078633
                 164,            0.018824,            0.014474,           0.0037047,              0.7619,             0.74174,              0.7787,             0.57474,            0.026688,            0.019144,            0.020008,           0.0078392,           0.0078392,           0.0078392
                 165,            0.018675,            0.015743,           0.0037637,             0.75547,             0.75082,             0.79847,             0.60268,            0.025707,            0.016723,            0.021316,            0.007815,            0.007815,            0.007815
                 166,            0.018742,            0.015903,           0.0031789,             0.78702,             0.74445,             0.80415,             0.59721,            0.026088,            0.017457,            0.019615,           0.0077907,           0.0077907,           0.0077907
                 167,            0.019547,            0.015929,            0.005682,              0.7659,             0.71365,             0.78152,             0.56679,             0.02786,            0.020159,            0.019233,           0.0077663,           0.0077663,           0.0077663
                 168,            0.019734,            0.016545,           0.0052279,             0.78342,             0.70385,             0.77944,             0.58274,            0.027037,            0.018738,            0.024618,           0.0077418,           0.0077418,           0.0077418
                 169,            0.019579,            0.015848,           0.0046268,             0.79893,             0.68002,             0.76901,             0.57172,            0.026322,            0.018072,            0.023358,           0.0077173,           0.0077173,           0.0077173
                 170,            0.019969,            0.016095,           0.0043053,             0.79849,             0.71528,             0.78283,             0.58849,            0.025817,            0.017965,            0.021101,           0.0076926,           0.0076926,           0.0076926
                 171,            0.019121,             0.01536,           0.0043013,             0.80222,             0.72045,             0.79413,             0.59558,            0.025929,            0.018384,            0.020324,           0.0076679,           0.0076679,           0.0076679
                 172,            0.018329,            0.014566,           0.0038497,             0.80579,             0.72927,             0.79836,             0.58934,            0.025728,            0.018352,            0.019545,           0.0076431,           0.0076431,           0.0076431
                 173,            0.018658,             0.01601,           0.0041407,             0.82072,             0.73403,             0.81301,             0.60904,             0.02573,            0.018494,            0.020073,           0.0076182,           0.0076182,           0.0076182
                 174,            0.019489,            0.015664,           0.0041449,             0.81251,             0.71706,             0.79912,             0.59919,            0.026058,            0.018372,            0.022157,           0.0075932,           0.0075932,           0.0075932
                 175,            0.019651,            0.015625,            0.003696,             0.80914,              0.7458,             0.81132,             0.61048,              0.0259,            0.017904,            0.018453,           0.0075681,           0.0075681,           0.0075681
                 176,            0.019717,            0.016653,           0.0041614,             0.78115,             0.71328,             0.78267,             0.58112,            0.026411,            0.018467,            0.020946,            0.007543,            0.007543,            0.007543
                 177,            0.018207,            0.014983,           0.0038164,             0.77171,             0.72765,             0.78657,             0.59256,            0.025858,            0.017913,            0.020738,           0.0075177,           0.0075177,           0.0075177
                 178,             0.01936,            0.014606,           0.0037531,             0.84394,             0.69673,             0.80645,             0.60287,            0.025817,            0.018107,            0.019806,           0.0074924,           0.0074924,           0.0074924
                 179,            0.018727,            0.014654,           0.0036012,             0.75844,             0.76451,             0.79212,             0.59321,            0.025817,            0.018513,            0.021836,            0.007467,            0.007467,            0.007467
                 180,            0.019217,            0.014948,           0.0035753,             0.77705,              0.7212,             0.79225,             0.58985,            0.026302,            0.019072,             0.02178,           0.0074416,           0.0074416,           0.0074416
                 181,            0.018396,            0.015171,           0.0034221,             0.76846,             0.73684,              0.7871,             0.59502,            0.025885,            0.018936,            0.020878,            0.007416,            0.007416,            0.007416
                 182,            0.018434,             0.01383,           0.0034053,              0.7692,             0.73017,             0.78175,             0.58709,            0.026116,            0.019044,              0.0211,           0.0073904,           0.0073904,           0.0073904
                 183,            0.018824,            0.015542,           0.0033855,             0.77114,             0.75183,             0.79768,             0.59902,            0.026179,            0.018547,            0.019609,           0.0073647,           0.0073647,           0.0073647
                 184,             0.01831,            0.014587,           0.0033944,             0.79941,             0.74102,             0.80857,             0.61057,            0.025825,            0.018393,            0.017455,           0.0073389,           0.0073389,           0.0073389
                 185,            0.017048,            0.013733,           0.0028743,             0.77904,             0.74064,             0.79773,             0.59517,            0.026485,            0.018736,            0.019942,           0.0073131,           0.0073131,           0.0073131
                 186,            0.018463,            0.013855,           0.0037211,             0.80941,             0.71226,             0.78757,             0.58922,            0.026303,            0.017659,            0.021823,           0.0072872,           0.0072872,           0.0072872
                 187,            0.019605,            0.014926,           0.0040292,             0.77641,             0.74181,              0.7969,             0.59818,            0.026086,            0.018356,            0.018687,           0.0072612,           0.0072612,           0.0072612
                 188,            0.018592,            0.014422,           0.0034537,             0.81892,             0.74354,             0.80839,             0.60731,            0.026105,            0.018614,             0.01725,           0.0072351,           0.0072351,           0.0072351
                 189,             0.01774,            0.014705,           0.0034862,             0.81175,             0.73683,             0.79992,             0.59639,            0.026176,            0.018401,            0.018893,            0.007209,            0.007209,            0.007209
                 190,            0.018656,            0.015633,           0.0033342,             0.76638,             0.76578,              0.7931,             0.59356,            0.026533,            0.018371,             0.01865,           0.0071828,           0.0071828,           0.0071828
                 191,            0.018064,            0.013286,           0.0034721,              0.8012,             0.70892,             0.77821,             0.57996,            0.026648,            0.019009,            0.021358,           0.0071566,           0.0071566,           0.0071566
                 192,            0.017674,            0.015334,           0.0035272,             0.78946,             0.73363,             0.78568,             0.58957,            0.026169,            0.018587,            0.021609,           0.0071302,           0.0071302,           0.0071302
                 193,            0.018005,            0.014619,           0.0034372,             0.82859,             0.74108,             0.81141,             0.60199,            0.026268,            0.018605,            0.017106,           0.0071039,           0.0071039,           0.0071039
                 194,            0.018063,            0.014977,           0.0034089,             0.79177,               0.762,             0.82016,             0.61917,            0.025838,            0.018463,            0.017418,           0.0070774,           0.0070774,           0.0070774
                 195,            0.018144,            0.015899,           0.0036061,             0.79435,             0.75638,             0.79785,             0.59781,            0.025709,            0.018632,            0.020257,           0.0070509,           0.0070509,           0.0070509
                 196,            0.019399,            0.015453,           0.0036716,             0.80191,             0.72859,             0.79651,             0.59879,            0.025786,            0.018187,            0.021354,           0.0070243,           0.0070243,           0.0070243
                 197,            0.016923,            0.013906,           0.0031797,             0.78137,             0.77758,             0.80036,             0.59781,            0.026123,            0.018159,            0.019436,           0.0069977,           0.0069977,           0.0069977
                 198,            0.017351,            0.015283,           0.0032227,             0.80741,             0.73667,             0.80026,             0.60008,            0.025799,            0.018095,            0.019859,            0.006971,            0.006971,            0.006971
                 199,            0.017806,            0.014557,           0.0034305,             0.81023,             0.74848,             0.80214,             0.60109,            0.025739,            0.018438,            0.019462,           0.0069442,           0.0069442,           0.0069442
                 200,             0.01764,            0.013865,           0.0034943,             0.80957,              0.7554,             0.79901,              0.6035,            0.025415,            0.018537,             0.01917,           0.0069174,           0.0069174,           0.0069174
                 201,            0.018582,            0.015376,           0.0035701,              0.7886,             0.74058,             0.79091,             0.59609,            0.025528,            0.019141,            0.020129,           0.0068906,           0.0068906,           0.0068906
                 202,            0.017997,             0.01569,           0.0033701,             0.80267,             0.75993,             0.80468,             0.60096,            0.025753,            0.018857,            0.019307,           0.0068637,           0.0068637,           0.0068637
                 203,             0.01854,            0.013211,           0.0032899,             0.79289,             0.78265,             0.80121,             0.59967,            0.025684,            0.018231,            0.020079,           0.0068367,           0.0068367,           0.0068367
                 204,            0.017995,            0.015057,           0.0033128,              0.7791,             0.76529,             0.80322,             0.59695,            0.026607,            0.019087,            0.020573,           0.0068097,           0.0068097,           0.0068097
                 205,             0.01702,            0.014259,             0.00339,             0.76394,             0.75146,             0.77758,             0.58481,            0.026258,            0.019508,            0.021243,           0.0067826,           0.0067826,           0.0067826
                 206,            0.017827,            0.014404,            0.003552,             0.76458,             0.76179,             0.77719,              0.5842,            0.025808,            0.018854,            0.020148,           0.0067555,           0.0067555,           0.0067555
                 207,            0.017273,            0.014604,           0.0034609,             0.85132,             0.73307,             0.82585,             0.61508,            0.026075,            0.018705,            0.017587,           0.0067283,           0.0067283,           0.0067283
                 208,              0.0171,            0.013921,             0.00317,             0.81742,             0.73936,             0.81082,             0.60393,            0.026102,            0.019244,            0.019419,           0.0067011,           0.0067011,           0.0067011
                 209,            0.018622,             0.01538,           0.0033729,             0.82077,             0.75861,             0.80611,             0.59965,             0.02632,            0.019296,            0.017928,           0.0066738,           0.0066738,           0.0066738
                 210,            0.016777,            0.013734,           0.0029931,             0.77611,             0.78995,             0.80776,             0.60473,            0.026144,            0.019351,            0.017416,           0.0066465,           0.0066465,           0.0066465
                 211,            0.018577,            0.014719,           0.0034187,             0.77835,             0.78929,             0.80776,             0.60413,             0.02629,            0.019864,            0.018136,           0.0066191,           0.0066191,           0.0066191
                 212,            0.017503,            0.014185,           0.0030583,             0.81377,             0.78392,             0.80725,             0.60422,            0.026022,            0.020098,            0.016472,           0.0065917,           0.0065917,           0.0065917
                 213,            0.018554,            0.014823,           0.0034893,             0.80705,             0.76176,             0.79848,             0.59329,            0.025888,            0.019646,            0.018958,           0.0065642,           0.0065642,           0.0065642
                 214,            0.016559,            0.014779,           0.0030491,             0.81588,             0.74941,             0.80316,             0.59923,            0.025827,            0.019722,             0.02181,           0.0065368,           0.0065368,           0.0065368
                 215,            0.017164,            0.014217,           0.0029405,             0.79587,             0.77651,             0.80257,             0.60458,            0.026039,            0.019608,            0.021791,           0.0065092,           0.0065092,           0.0065092
                 216,            0.017414,            0.014955,            0.003002,             0.79477,             0.78362,             0.80205,             0.60679,            0.025604,             0.01933,            0.020433,           0.0064816,           0.0064816,           0.0064816
                 217,            0.017214,            0.014751,           0.0031327,             0.81355,             0.72992,             0.79631,             0.60146,            0.025756,            0.019492,            0.023271,            0.006454,            0.006454,            0.006454
                 218,            0.016537,            0.014453,           0.0027539,             0.78968,             0.74732,             0.79125,             0.59502,            0.025799,             0.01919,            0.023444,           0.0064264,           0.0064264,           0.0064264
                 219,            0.016901,            0.013389,           0.0028222,             0.79627,             0.73282,             0.78922,             0.59166,            0.026193,            0.019437,            0.023791,           0.0063987,           0.0063987,           0.0063987
                 220,            0.016204,            0.014998,           0.0028221,             0.77177,             0.75846,             0.79309,             0.59208,            0.026302,            0.020077,              0.0237,            0.006371,            0.006371,            0.006371
                 221,             0.01769,            0.014743,             0.00334,             0.83018,             0.71046,             0.79688,             0.59638,            0.026202,            0.019413,             0.02142,           0.0063432,           0.0063432,           0.0063432
                 222,            0.016351,            0.013305,           0.0028575,             0.82215,             0.73802,             0.80524,             0.60384,            0.026074,            0.019371,            0.020035,           0.0063154,           0.0063154,           0.0063154
                 223,            0.016836,             0.01319,           0.0030257,             0.82946,              0.7229,             0.79612,             0.59914,            0.025819,            0.019221,            0.020983,           0.0062876,           0.0062876,           0.0062876
                 224,            0.017685,            0.015035,           0.0032105,              0.7804,             0.76341,             0.81025,             0.60847,            0.026123,            0.018932,            0.021742,           0.0062598,           0.0062598,           0.0062598
                 225,            0.016829,             0.01428,           0.0026057,             0.81707,             0.74089,             0.80093,             0.60107,            0.026085,             0.01923,            0.021219,           0.0062319,           0.0062319,           0.0062319
                 226,            0.017541,            0.015065,           0.0035445,              0.8112,             0.74378,             0.79682,             0.60164,            0.025808,            0.019102,            0.021473,            0.006204,            0.006204,            0.006204
                 227,            0.016391,            0.013602,           0.0030765,              0.7972,              0.7434,              0.8042,             0.60982,            0.025991,            0.019174,            0.024343,            0.006176,            0.006176,            0.006176
                 228,            0.016751,            0.013718,           0.0028383,             0.76688,             0.76805,             0.79992,             0.60463,            0.025952,            0.018697,            0.021671,            0.006148,            0.006148,            0.006148
                 229,            0.017437,            0.014259,           0.0031321,             0.81846,             0.73985,             0.80251,             0.60561,            0.025731,            0.018871,            0.020032,           0.0061201,           0.0061201,           0.0061201
                 230,            0.015674,            0.012549,           0.0027523,             0.80283,             0.74763,             0.80663,             0.60943,            0.025792,            0.019428,            0.018578,            0.006092,            0.006092,            0.006092
                 231,            0.017362,            0.014696,           0.0030636,             0.77974,             0.77889,             0.80345,               0.607,            0.025899,            0.019828,             0.01894,            0.006064,            0.006064,            0.006064
                 232,            0.016981,            0.014658,           0.0029053,             0.75062,             0.77857,             0.79898,             0.60087,            0.025902,            0.019762,            0.021592,           0.0060359,           0.0060359,           0.0060359
                 233,            0.016955,            0.013615,           0.0030655,             0.78263,             0.71856,             0.78008,              0.5902,            0.025879,            0.019981,            0.024195,           0.0060079,           0.0060079,           0.0060079
                 234,             0.01676,            0.014101,           0.0029963,             0.77562,              0.7449,             0.78238,             0.59309,            0.025711,            0.019272,             0.02107,           0.0059798,           0.0059798,           0.0059798
                 235,            0.016059,            0.013057,           0.0026552,             0.74779,             0.75829,             0.78958,             0.59976,            0.025623,            0.019234,            0.021572,           0.0059516,           0.0059516,           0.0059516
                 236,            0.016319,            0.014634,            0.002866,             0.77371,             0.77466,             0.79775,             0.60028,            0.025843,            0.019387,            0.019807,           0.0059235,           0.0059235,           0.0059235
                 237,            0.015742,             0.01387,           0.0026572,             0.76079,              0.7761,             0.79717,               0.597,            0.025801,            0.020148,            0.020551,           0.0058953,           0.0058953,           0.0058953
                 238,             0.01633,            0.013512,           0.0027347,             0.79527,              0.7265,              0.7875,              0.5919,            0.025887,            0.019743,            0.023843,           0.0058672,           0.0058672,           0.0058672
                 239,            0.015928,            0.013396,            0.002585,             0.78613,             0.72227,              0.7872,              0.5956,            0.025922,             0.01967,            0.024366,            0.005839,            0.005839,            0.005839
                 240,            0.015364,            0.014518,           0.0026813,             0.77786,             0.74948,             0.78595,             0.59509,            0.025762,            0.019508,            0.023013,           0.0058108,           0.0058108,           0.0058108
                 241,            0.015438,            0.013358,           0.0028764,             0.81525,             0.72098,             0.78096,             0.58538,             0.02591,            0.019564,            0.023198,           0.0057826,           0.0057826,           0.0057826
                 242,            0.016178,            0.013305,           0.0027448,             0.76486,             0.76314,             0.79012,             0.59966,            0.025652,            0.019318,            0.022033,           0.0057543,           0.0057543,           0.0057543
                 243,            0.015966,            0.012979,             0.00293,             0.76595,              0.7828,             0.79335,             0.60312,            0.025673,            0.019407,            0.019192,           0.0057261,           0.0057261,           0.0057261
                 244,            0.016228,            0.013588,            0.002898,             0.75835,              0.8031,             0.80395,             0.60443,            0.026103,            0.019483,            0.018783,           0.0056979,           0.0056979,           0.0056979
                 245,            0.015963,            0.012954,           0.0028262,             0.78058,             0.75559,             0.79183,             0.59584,             0.02579,             0.01988,            0.021436,           0.0056696,           0.0056696,           0.0056696
                 246,            0.015306,            0.012718,           0.0024612,             0.73872,             0.77716,             0.78249,             0.59155,             0.02583,            0.019584,            0.023368,           0.0056413,           0.0056413,           0.0056413
                 247,            0.015602,            0.013094,            0.002955,             0.78271,              0.7516,             0.78449,             0.59531,             0.02573,            0.019537,            0.022594,           0.0056131,           0.0056131,           0.0056131
                 248,            0.016478,            0.013887,            0.003014,             0.81265,             0.72686,             0.78319,             0.59055,            0.025686,            0.019389,            0.021786,           0.0055848,           0.0055848,           0.0055848
                 249,            0.015734,            0.013798,           0.0025206,             0.77823,             0.76584,             0.79775,             0.60653,            0.025692,             0.01912,            0.020273,           0.0055565,           0.0055565,           0.0055565
                 250,            0.015438,            0.012829,           0.0025373,             0.80014,             0.73737,             0.79113,             0.60213,             0.02548,            0.018894,            0.021144,           0.0055283,           0.0055283,           0.0055283
                 251,            0.015712,            0.013589,           0.0026832,             0.78327,             0.75787,             0.79294,             0.60315,            0.025429,             0.01906,            0.022167,              0.0055,              0.0055,              0.0055
                 252,            0.015892,             0.01355,           0.0027957,             0.83053,             0.73048,             0.79954,             0.61189,            0.025359,            0.019531,            0.023381,           0.0054717,           0.0054717,           0.0054717
                 253,            0.015354,            0.012971,           0.0027778,             0.81601,             0.73982,             0.79494,             0.60411,             0.02547,            0.019692,            0.024363,           0.0054435,           0.0054435,           0.0054435
                 254,            0.015275,            0.012052,           0.0024589,              0.8257,             0.72499,             0.80006,             0.60349,            0.025396,            0.019665,            0.024351,           0.0054152,           0.0054152,           0.0054152
                 255,            0.015476,            0.013222,           0.0027369,             0.79557,             0.76327,             0.80193,             0.60793,             0.02553,             0.01955,            0.022598,           0.0053869,           0.0053869,           0.0053869
                 256,            0.016464,            0.015049,           0.0028429,             0.78859,             0.76586,             0.80474,              0.6119,            0.025323,            0.019672,            0.021064,           0.0053587,           0.0053587,           0.0053587
                 257,            0.015868,            0.013748,           0.0025792,              0.8103,             0.71457,             0.79218,             0.59901,            0.025775,            0.019813,            0.022245,           0.0053304,           0.0053304,           0.0053304
                 258,            0.015137,            0.013904,           0.0022757,                0.77,             0.76378,             0.78549,             0.58952,            0.025808,            0.020344,             0.02114,           0.0053021,           0.0053021,           0.0053021
                 259,            0.015894,            0.013133,           0.0025517,             0.77033,             0.76558,             0.77968,             0.58863,            0.025868,            0.020368,            0.023154,           0.0052739,           0.0052739,           0.0052739
                 260,             0.01614,            0.013969,           0.0030292,             0.77747,             0.78157,             0.79156,             0.60064,            0.025733,            0.019753,            0.022341,           0.0052457,           0.0052457,           0.0052457
                 261,            0.015061,            0.012342,           0.0024726,             0.79816,             0.72609,             0.78421,             0.59129,            0.025677,            0.019932,             0.02469,           0.0052174,           0.0052174,           0.0052174
                 262,            0.014609,            0.012466,           0.0023805,              0.7925,             0.73241,              0.7854,             0.58902,            0.025567,            0.019918,             0.02343,           0.0051892,           0.0051892,           0.0051892
                 263,            0.014733,            0.012767,           0.0023247,             0.78165,             0.73662,             0.77942,             0.58973,            0.025634,            0.019984,            0.024334,            0.005161,            0.005161,            0.005161
                 264,            0.016026,            0.013076,           0.0027514,             0.79115,             0.73604,             0.78798,              0.6002,             0.02562,            0.019807,            0.022319,           0.0051328,           0.0051328,           0.0051328
                 265,            0.015134,            0.012462,           0.0028081,             0.77819,             0.71949,             0.78094,             0.59113,            0.025578,            0.019638,            0.027625,           0.0051047,           0.0051047,           0.0051047
                 266,            0.014339,            0.013052,           0.0024422,             0.77382,              0.7353,             0.77698,              0.5904,             0.02571,            0.019299,            0.024309,           0.0050765,           0.0050765,           0.0050765
                 267,            0.014934,             0.01261,            0.002689,             0.77136,             0.73201,              0.7655,             0.57066,            0.025762,            0.019869,            0.023733,           0.0050484,           0.0050484,           0.0050484
                 268,            0.015097,            0.012178,           0.0027469,              0.7697,             0.75521,             0.77994,             0.58511,            0.025786,            0.020112,            0.023328,           0.0050202,           0.0050202,           0.0050202
                 269,            0.015017,            0.013368,           0.0024219,             0.80701,             0.70244,             0.78051,             0.58712,            0.025932,            0.020578,            0.023462,           0.0049921,           0.0049921,           0.0049921
                 270,            0.016152,            0.013125,           0.0026259,             0.80088,             0.71493,             0.78089,              0.5902,            0.025864,            0.020371,            0.022047,           0.0049641,           0.0049641,           0.0049641
                 271,            0.014842,            0.013144,           0.0023465,             0.80991,             0.71134,              0.7888,             0.59951,            0.025711,            0.020073,            0.022646,            0.004936,            0.004936,            0.004936
                 272,            0.014633,            0.011376,           0.0026359,             0.81808,             0.72493,             0.79573,             0.60434,            0.025748,            0.020339,            0.022425,            0.004908,            0.004908,            0.004908
                 273,            0.014905,            0.012725,            0.002718,             0.78641,             0.73655,             0.79159,             0.59683,            0.025834,            0.020023,             0.02642,           0.0048799,           0.0048799,           0.0048799
                 274,            0.014781,            0.012577,           0.0022762,              0.7772,             0.72798,             0.78026,              0.5924,            0.025681,            0.019884,            0.025781,            0.004852,            0.004852,            0.004852
                 275,            0.015116,            0.013594,           0.0026032,             0.80407,             0.71492,             0.77761,              0.5919,            0.025653,            0.020455,            0.023707,            0.004824,            0.004824,            0.004824
                 276,            0.013907,            0.012042,           0.0021886,             0.76948,             0.76378,             0.79435,             0.60452,            0.025651,             0.02009,            0.023217,            0.004796,            0.004796,            0.004796
                 277,              0.0159,            0.013139,           0.0026988,             0.79441,             0.74298,             0.79593,             0.59976,            0.025783,            0.019841,            0.024986,           0.0047681,           0.0047681,           0.0047681
                 278,             0.01465,            0.012621,           0.0026587,             0.80971,             0.71304,             0.78889,             0.59598,            0.025842,            0.020242,             0.02361,           0.0047402,           0.0047402,           0.0047402
                 279,             0.01506,             0.01331,           0.0027388,             0.76086,              0.7494,             0.79812,             0.60233,            0.025568,            0.020473,            0.023065,           0.0047124,           0.0047124,           0.0047124
                 280,            0.014808,            0.012968,           0.0025267,             0.80966,             0.73075,             0.80016,             0.60902,            0.025452,            0.020439,            0.023173,           0.0046846,           0.0046846,           0.0046846
                 281,            0.015062,            0.012633,           0.0024553,             0.77872,             0.74364,             0.79689,             0.60706,            0.025158,            0.020188,            0.025268,           0.0046568,           0.0046568,           0.0046568
                 282,            0.013957,            0.012407,           0.0024568,             0.78601,             0.75627,             0.80004,             0.60586,            0.025181,            0.020207,            0.023369,            0.004629,            0.004629,            0.004629
                 283,            0.014723,             0.01246,           0.0023208,             0.77976,             0.75739,             0.79435,             0.60342,            0.025275,            0.020439,             0.02468,           0.0046013,           0.0046013,           0.0046013
                 284,            0.015072,            0.012732,           0.0025447,             0.78382,             0.76578,             0.79628,             0.60376,            0.025541,             0.02036,            0.022594,           0.0045736,           0.0045736,           0.0045736
                 285,            0.014852,            0.012553,           0.0027134,             0.77601,             0.77557,             0.79946,             0.60925,             0.02551,            0.019987,            0.022747,            0.004546,            0.004546,            0.004546
                 286,            0.015191,            0.011972,           0.0025562,             0.78544,             0.75456,             0.79102,             0.59726,            0.025669,            0.020532,            0.024064,           0.0045184,           0.0045184,           0.0045184
                 287,            0.015069,            0.013679,           0.0027107,             0.77367,             0.74568,             0.78816,              0.5949,              0.0255,            0.020612,            0.023665,           0.0044908,           0.0044908,           0.0044908
                 288,             0.01521,            0.012961,           0.0027798,             0.78895,             0.74707,             0.79242,             0.60338,            0.025438,            0.020732,            0.021523,           0.0044632,           0.0044632,           0.0044632
                 289,             0.01501,            0.013158,           0.0020876,             0.82568,             0.70786,             0.79015,              0.6026,            0.025379,            0.020315,            0.024608,           0.0044358,           0.0044358,           0.0044358
                 290,            0.015572,            0.013154,           0.0028567,             0.78516,             0.74796,             0.79372,             0.60418,            0.025436,            0.020218,            0.024573,           0.0044083,           0.0044083,           0.0044083
                 291,            0.014731,            0.013155,           0.0022715,             0.80827,             0.73529,             0.79419,             0.60289,            0.025755,            0.019948,            0.024581,           0.0043809,           0.0043809,           0.0043809
                 292,            0.014197,            0.011864,           0.0024479,             0.82314,             0.71739,              0.7909,             0.59946,            0.025444,            0.019595,            0.026012,           0.0043535,           0.0043535,           0.0043535
                 293,            0.014125,            0.012348,           0.0020551,             0.78712,             0.73966,             0.79108,             0.59653,             0.02563,            0.019695,            0.025134,           0.0043262,           0.0043262,           0.0043262
                 294,            0.014435,             0.01321,           0.0025255,             0.81126,             0.73626,             0.79504,             0.60113,             0.02579,            0.020464,            0.025982,           0.0042989,           0.0042989,           0.0042989
